"Post Title","Post URL Slug","Category Tree","Parent Category","Child Category","Sub-Child Category","Category URL Slug","Secondary Categories","Post Tags","Author","Meta Title","Meta Description","Target Region","Publish Date","Post Status","Post Content","Schema JSON-LD","Source File Path"
"Intensive Heliculture: Pen Design, Temperature Thresholds, and Biosecurity Standards","intensive-heliculture-pen-design","Commercial Producers & Aspiring Farmers > Farm Operations & Business > System Design & Pens","Commercial Producers & Aspiring Farmers","Farm Operations & Business","System Design & Pens","system-design-and-pens","Commercial Producers & Aspiring Farmers > Farm Operations & Business > Feeding & Nutrition | Commercial Producers & Aspiring Farmers > Farm Operations & Business > Biosecurity & Regulations","heliculture, snail farming, Cornu aspersum, Achatina, pen design, escape prevention, snail feed formulae, biosecurity, UK, Europe","Batuli Kassim","Intensive Snail Farming: Pen Design, Climate & Biosecurity","Technical guide for UK and European snail farmers: Cornu aspersum vs Achatina climate control, escape-proof pens, feed formulae and biosecurity.","UK & Europe","2026-10-02","Draft","<p>Intensive snail farming rewards precision and punishes improvisation. A well-run unit converts low-cost plant protein and calcium into a premium meat product with a short supply chain; a poorly run one loses stock to dehydration, disease, predators and escape — and, in the case of tropical species, can create a genuine invasive-species liability.</p>
<p>This guide sets out the operational standards we recommend for commercial producers in the UK and continental Europe. It compares the two species groups most often proposed for intensive systems — the European brown garden snail (<em>Cornu aspersum</em>) and the giant African land snails (<em>Achatina</em>, <em>Archachatina</em> and <em>Lissachatina</em> species) — and covers pen and room design, environmental thresholds, escape prevention, feeding formulae and a working biosecurity programme.</p>
<blockquote>
<p><strong>Key takeaways</strong></p>
<ul>
<li><em>Cornu aspersum</em> is the default commercial species for UK and European producers. It tolerates temperate conditions, has an established market (<em>petit-gris</em> and <em>gros-gris</em>) and carries a far lower regulatory and biosecurity burden than <em>Achatina</em>.</li>
<li><em>Achatina</em> species need a stable 22–30 °C and high humidity. In the UK and most of Europe they can only be produced in fully enclosed, heated buildings, and the escape-prevention standard must be absolute.</li>
<li>Escape prevention is a design discipline, not an afterthought: buried and folded perimeter barriers, low-voltage anti-escape wires, mesh lids, sealed drainage and a double-door entry protocol.</li>
<li>Commercial feed should provide roughly 15–20 % crude protein and 10–13 % calcium on a dry-matter basis, with no added salt.</li>
<li>Biosecurity rests on zoning, quarantine of incoming stock, daily removal of mortalities and rigorous record-keeping.</li>
</ul>
</blockquote>
<hr>
<h2>1. Species Selection: <em>Cornu aspersum</em> vs <em>Achatina</em></h2>
<p>Species choice determines every downstream decision: building specification, energy budget, feed formulation, market positioning and legal exposure. Decide it first and decide it on evidence.</p>
<table>
<thead><tr><th>Attribute</th><th><em>Cornu aspersum</em> (petit-gris / gros-gris)</th><th><em>Achatina</em> group (<em>A. achatina</em>, <em>Archachatina marginata</em>, <em>Lissachatina fulica</em>)</th></tr></thead>
<tbody>
<tr><td>Native range</td><td>Mediterranean and Atlantic Europe; long naturalised in Britain</td><td>Sub-Saharan Africa (<em>L. fulica</em>: East Africa, now invasive across the tropics)</td></tr>
<tr><td>Typical market weight</td><td>Petit-gris 7–12 g; gros-gris (<em>C. a. maxima</em>) 15–25 g</td><td>100–300 g+ depending on species and age</td></tr>
<tr><td>Time to market (controlled conditions)</td><td>Roughly 4–7 months from hatching</td><td>Roughly 12–24 months from hatching</td></tr>
<tr><td>Clutch characteristics</td><td>Around 80–120 small eggs per laying</td><td><em>A. achatina</em>: hundreds of eggs per clutch; <em>A. marginata</em>: few, large eggs</td></tr>
<tr><td>Primary markets</td><td>French, Italian, Spanish and Portuguese food trade; UK fine dining</td><td>West African diaspora retail and catering; some European ethnic markets</td></tr>
<tr><td>Biosecurity risk outside native range</td><td>Low to moderate (already present in the UK)</td><td>High — <em>L. fulica</em> is listed among the world's most damaging invasive species</td></tr>
<tr><td>Zoonotic concern</td><td>Low when farmed on controlled feed</td><td>Recognised host of the rat lungworm <em>Angiostrongylus cantonensis</em> in parts of its range</td></tr>
</tbody>
</table>
<p><strong>Our recommendation:</strong> for UK and European producers, build the business around <em>Cornu aspersum</em>. Consider <em>Achatina</em> only where there is a confirmed buyer, a fully enclosed heated building, legal advice on the species concerned and an operator prepared to run a closed-system biosecurity regime. Never farm <em>Lissachatina fulica</em> outside a closed, licensed or otherwise authorised setting, and check the current position with your national authority before acquiring any <em>Achatina</em> stock — several jurisdictions, including the United States and Australia, prohibit them outright.</p>
<hr>
<h2>2. Regulatory Context for UK and European Producers</h2>
<p>Regulation is jurisdiction-specific and changes over time. Treat the points below as a checklist of the frameworks you must review, not as legal advice.</p>
<ul>
<li><strong>Release of non-native species (Great Britain).</strong> Section 14 of the Wildlife and Countryside Act 1981 makes it an offence to release, or allow to escape into the wild, any animal not ordinarily resident in Great Britain. For <em>Achatina</em> this means every escape is potentially an offence, not merely a commercial loss. Equivalent provisions apply in Northern Ireland and across EU member states.</li>
<li><strong>Protected species.</strong> The Roman or Burgundy snail (<em>Helix pomatia</em>) is protected in Great Britain under Schedule 5 of the 1981 Act and listed in Annex V of the EU Habitats Directive. Wild collection of <em>Helix pomatia</em> breeding stock is therefore restricted or prohibited in many jurisdictions; obtain it only from legitimate farmed sources where its production is permitted.</li>
<li><strong>Food hygiene.</strong> In Great Britain and the EU, snails intended for human consumption fall under Regulation (EC) No 853/2004 (retained as assimilated law in GB), Annex III, Section XI. Snails must be killed in an establishment, and the hepatopancreas must be removed where it may present a hazard. You will also need food business registration with your local authority (in England, at least 28 days before trading) and a documented HACCP-based food safety management system.</li>
<li><strong>Animal by-products.</strong> Mortalities, rejected stock, shells and processing waste are animal by-products under Regulation (EC) No 1069/2009 and its GB equivalent. Agree a compliant disposal route before stocking.</li>
<li><strong>Animal welfare.</strong> Gastropods currently fall outside the scope of the Animal Welfare Act 2006 and the Animal Welfare (Sentience) Act 2022. That is a gap in the law, not a licence: buyers, retailers and certification bodies increasingly expect documented humane handling and dispatch. See our companion guide, <em>The Science of Purging and Enzymatic Cleaning</em>.</li>
<li><strong>Planning and environmental permits.</strong> Polytunnels, insulated buildings and drainage works may need planning consent. Wash-water discharge can require an environmental permit or a trade-effluent agreement.</li>
</ul>
<hr>
<h2>3. Production System Design</h2>
<h3>3.1 The three system types</h3>
<ol>
<li><strong>Fully indoor intensive (closed cycle).</strong> Breeding, hatching, nursery and fattening all take place in climate-controlled rooms using tiered racks, boxes or trays. Highest capital and energy cost, highest control, year-round output. Mandatory for <em>Achatina</em> in temperate climates.</li>
<li><strong>Mixed system (the ""Italian/French hybrid"").</strong> Breeding and nursery stages are indoors under controlled light and temperature; juveniles are transferred to outdoor or polytunnel fattening pens with growing vegetation for the summer season. The most common model for <em>Cornu aspersum</em> in Europe.</li>
<li><strong>Extensive outdoor.</strong> Open-field pens with minimal climate control. Low cost, but seasonal, weather-dependent and difficult to secure. Not suitable for <em>Achatina</em> under any circumstances.</li>
</ol>
<h3>3.2 Indoor room specification (both species groups)</h3>
<ul>
<li><strong>Building envelope:</strong> insulated, rodent-proof structure with sealed wall–floor junctions, smooth washable internal surfaces and no gaps above 2 mm around services, doors or vents.</li>
<li><strong>Floor and drainage:</strong> sloped concrete or resin floor to a central drain. Fit drains with fine stainless mesh (≤2 mm) <em>and</em> a secondary trap so that neither snails nor eggs can enter the drainage system.</li>
<li><strong>Racking:</strong> stainless steel or powder-coated racks holding polypropylene or HDPE boxes with close-fitting mesh lids (1–2 mm aperture for hatchlings, 3–5 mm for growers). Avoid untreated timber, which harbours mites and is hard to disinfect.</li>
<li><strong>Climate control:</strong> thermostatically controlled heating (and cooling for summer peaks), ultrasonic or high-pressure misting linked to a humidistat, and mechanical ventilation sized to remove ammonia and excess CO₂ without drying the stock. Insect screening (≤1 mm) on every air inlet.</li>
<li><strong>Lighting:</strong> programmable LED lighting so that photoperiod can be used as a production tool (see Section 4.3).</li>
<li><strong>Monitoring:</strong> calibrated data loggers for temperature and relative humidity at stock level, not just at the controller, with remote alarms for out-of-range readings and power failure. Back-up power is strongly advised for <em>Achatina</em> units.</li>
</ul>
<h3>3.3 Outdoor and polytunnel fattening pens (<em>Cornu aspersum</em> only)</h3>
<ul>
<li><strong>Bed layout:</strong> planted beds 1–1.5 m wide separated by maintenance paths, so every part of the bed can be reached without stepping on it.</li>
<li><strong>Vegetation:</strong> a mixed cover crop (for example rape, radish, clover and chard) provides shade, humidity and supplementary forage. Sow four to six weeks before stocking.</li>
<li><strong>Shelter:</strong> inverted-V boards or shade netting raised 10–20 cm above the soil gives daytime refuge and concentrates snails for inspection.</li>
<li><strong>Irrigation:</strong> low-volume overhead or mist irrigation operated in the evening and early morning, when snails are active and evaporation is lowest.</li>
<li><strong>Soil:</strong> free-draining, calcium-rich loam with a pH around 7. Avoid waterlogged ground, which drives up bacterial disease and drowning losses.</li>
</ul>
<h3>3.4 <em>Achatina</em> pens and enclosures</h3>
<p><em>Achatina</em> are heavier, stronger and longer-lived than <em>Cornu</em> and require a different enclosure design:</p>
<ul>
<li>Solid-sided pens or boxes (concrete block, HDPE or stainless) with lids of welded mesh secured by latches, not loose weights. A large adult can push a light lid aside.</li>
<li>10–20 cm of moist, sterilised loam or coir substrate for burrowing and egg-laying, replaced or heat-treated between batches.</li>
<li>Separate egg-incubation boxes so that eggs can be counted, dated and controlled.</li>
<li>Ant exclusion around rack legs (water or oil moats, or sticky barriers), as ants prey on eggs and hatchlings.</li>
</ul>
<hr>
<h2>4. Environmental Controls and Temperature Thresholds</h2>
<p>Snails are ectotherms that regulate water loss behaviourally. When conditions move outside their tolerance band they seal the shell aperture with a mucous epiphragm and become dormant — hibernation in cold conditions, aestivation in hot or dry ones. A dormant snail does not eat or grow. Environmental control is therefore a direct driver of feed conversion and time to market.</p>
<h3>4.1 Indicative operating thresholds</h3>
<p>The ranges below are drawn from published husbandry literature and producer practice. They are indicative: calibrate them to your strain, stage and system using your own production records.</p>
<table>
<thead><tr><th>Parameter</th><th><em>Cornu aspersum</em></th><th><em>Achatina</em> group</th></tr></thead>
<tbody>
<tr><td>Optimal air temperature (growth)</td><td>18–22 °C</td><td>24–28 °C</td></tr>
<tr><td>Acceptable operating band</td><td>15–24 °C</td><td>22–30 °C</td></tr>
<tr><td>Activity slows / hibernation risk</td><td>Below ~10 °C; dormancy typically below 5–7 °C</td><td>Below ~18 °C; prolonged exposure below ~15 °C is harmful</td></tr>
<tr><td>Aestivation / heat stress risk</td><td>Above ~27 °C, especially with low humidity</td><td>Above ~32 °C, especially with low humidity</td></tr>
<tr><td>Relative humidity (active period)</td><td>75–90 %</td><td>80–95 %</td></tr>
<tr><td>Substrate moisture</td><td>Moist, never waterlogged</td><td>Moist, never waterlogged</td></tr>
<tr><td>Photoperiod for growth and reproduction</td><td>Long day (around 16–18 h light) after a cold rest period</td><td>12–14 h light; tolerant of tropical day length</td></tr>
</tbody>
</table>
<h3>4.2 Managing humidity without disease</h3>
<p>High humidity and high bacterial load go hand in hand. The goal is a moist micro-environment with moving air, not stagnant saturation.</p>
<ul>
<li>Mist in short pulses rather than continuously, keeping surfaces damp but free of standing water.</li>
<li>Maintain gentle, continuous air movement at stock level.</li>
<li>Remove uneaten feed and droppings daily; fermenting residue is the main driver of bacterial outbreaks.</li>
<li>Watch for condensation dripping from ceilings onto boxes, which causes localised waterlogging.</li>
</ul>
<h3>4.3 Photoperiod and the breeding cycle (<em>Cornu aspersum</em>)</h3>
<p>Breeding stock of <em>Cornu aspersum</em> benefit from an artificial winter. A controlled rest period of roughly six to eight weeks at around 5–7 °C, followed by a return to 18–20 °C under long-day lighting (around 16–18 hours), reliably synchronises mating and egg-laying. This allows the producer to schedule hatching batches across the year rather than relying on the natural spring cycle.</p>
<hr>
<h2>5. Escape Prevention</h2>
<p>Escape is the single most important biosecurity control in heliculture. For <em>Cornu aspersum</em> it is primarily a commercial loss; for <em>Achatina</em> it is an environmental and legal risk. Design for zero escapes, then verify.</p>
<h3>5.1 Outdoor and polytunnel perimeters (<em>Cornu aspersum</em>)</h3>
<ul>
<li><strong>Buried barrier:</strong> HDPE snail netting or sheeting buried 20–30 cm into the soil to prevent burrowing under the fence.</li>
<li><strong>Above-ground height:</strong> 50–70 cm, with the top 10–15 cm folded outwards and downwards at roughly 45° to create an overhang that snails cannot climb past.</li>
<li><strong>Anti-escape wire:</strong> a twin-strand, low-voltage (typically 9–12 V DC) anti-escape wire run along the inside of the fence. Snails contacting both strands receive a mild deterrent stimulus and turn back. Check continuity daily; vegetation touching the wire shorts it out.</li>
<li><strong>Clear strip:</strong> a mown or gravelled strip of at least 50 cm outside the fence, which makes escapes visible and deters predators.</li>
<li><strong>Predator exclusion:</strong> fine-mesh netting over the top of pens where bird predation is significant, and rodent control around the perimeter.</li>
</ul>
<h3>5.2 Indoor and <em>Achatina</em> units</h3>
<ul>
<li><strong>Primary containment:</strong> every box or pen has a latched, mesh-covered lid with no gap exceeding the smallest hatchling's shell diameter.</li>
<li><strong>Secondary containment:</strong> the room itself is snail-tight — sealed penetrations, door sweeps, meshed drains and screened vents.</li>
<li><strong>Tertiary containment:</strong> a lobby or double-door entry, so that both doors are never open at the same time. A copper or salt-free mechanical barrier strip at the threshold is a useful backstop.</li>
<li><strong>Waste and substrate:</strong> all spent substrate, rejected eggs and mortalities are frozen or heat-treated before leaving the building, so that viable eggs or hatchlings cannot leave in the waste stream.</li>
<li><strong>Stock reconciliation:</strong> count stock in and out of each room. For <em>Achatina</em>, maintain a written inventory so that unexplained losses trigger a search.</li>
<li><strong>Documented escape-response procedure:</strong> who searches, where, how far beyond the perimeter, and when the relevant authority is notified.</li>
</ul>
<hr>
<h2>6. Commercial Feeding Formulae</h2>
<p>Snails need energy, protein and — above all — calcium for shell growth. A formulated dry meal fed in troughs, supplemented with fresh vegetation, outperforms vegetation alone in growth rate, shell quality and uniformity.</p>
<h3>6.1 Nutritional targets (dry-matter basis)</h3>
<table>
<thead><tr><th>Nutrient</th><th><em>Cornu aspersum</em> (growers)</th><th><em>Achatina</em> (growers)</th></tr></thead>
<tbody>
<tr><td>Crude protein</td><td>15–18 %</td><td>18–22 %</td></tr>
<tr><td>Calcium</td><td>10–13 %</td><td>8–12 %</td></tr>
<tr><td>Phosphorus</td><td>0.5–0.8 %</td><td>0.5–0.8 %</td></tr>
<tr><td>Crude fibre</td><td>Below ~8 %</td><td>Below ~10 %</td></tr>
<tr><td>Added salt (NaCl)</td><td><strong>None</strong></td><td><strong>None</strong></td></tr>
</tbody>
</table>
<p>Salt is toxic to snails and must never be added to feed, supplements or cleaning regimes for live stock.</p>
<h3>6.2 Example grower formula — <em>Cornu aspersum</em> (per 100 kg)</h3>
<table>
<thead><tr><th>Ingredient</th><th>kg</th></tr></thead>
<tbody>
<tr><td>Ground maize</td><td>28</td></tr>
<tr><td>Soya bean meal (approx. 46 % CP)</td><td>25</td></tr>
<tr><td>Wheat bran</td><td>12</td></tr>
<tr><td>Dried lucerne meal</td><td>4</td></tr>
<tr><td>Calcium carbonate (feed-grade limestone)</td><td>28</td></tr>
<tr><td>Dicalcium phosphate</td><td>2</td></tr>
<tr><td>Vitamin–mineral premix (salt-free)</td><td>1</td></tr>
<tr><td><strong>Total</strong></td><td><strong>100</strong></td></tr>
</tbody>
</table>
<p><em>Approximate analysis:</em> around 16–17 % crude protein and 11–12 % calcium.</p>
<h3>6.3 Example grower formula — <em>Achatina</em> (per 100 kg)</h3>
<table>
<thead><tr><th>Ingredient</th><th>kg</th></tr></thead>
<tbody>
<tr><td>Ground maize</td><td>31</td></tr>
<tr><td>Soya bean meal (approx. 46 % CP)</td><td>30</td></tr>
<tr><td>Wheat offal / middlings</td><td>13</td></tr>
<tr><td>Calcium carbonate or ground oyster shell</td><td>20</td></tr>
<tr><td>Bone meal (sterilised, compliant source)</td><td>5</td></tr>
<tr><td>Vitamin–mineral premix (salt-free)</td><td>1</td></tr>
<tr><td><strong>Total</strong></td><td><strong>100</strong></td></tr>
</tbody>
</table>
<p><em>Approximate analysis:</em> around 19 % crude protein and 9 % calcium.</p>
<p>These are starting formulations. Adjust them on the basis of a laboratory analysis of your actual ingredients and your measured growth rates, and buy only feed-grade ingredients from suppliers registered under feed hygiene rules. Check animal by-product rules before including any animal-derived ingredient; requirements differ between Great Britain, Northern Ireland and the EU.</p>
<h3>6.4 Feeding practice</h3>
<ul>
<li>Feed dry meal in shallow troughs or on trays, not scattered on the soil, so that consumption can be measured and residues removed.</li>
<li>Feed in the late afternoon or at the start of the dark period, when snails become active.</li>
<li>Remove uneaten meal and wilted vegetation every day. Discard any feed that is damp, caked or mouldy — mycotoxins are a significant hidden cause of poor performance.</li>
<li>Supply fresh greens (for example lucerne, clover, chard, cabbage leaves and carrot tops for <em>Cornu</em>; banana or pawpaw leaves and fruit, where available, for <em>Achatina</em>) washed and free from pesticide residues.</li>
<li>Provide water by misting and through saturated sponges or very shallow dishes. Hatchlings drown easily in open water.</li>
<li>Separate stock by size; larger snails outcompete smaller ones at the trough.</li>
</ul>
<hr>
<h2>7. Biosecurity Standards</h2>
<h3>7.1 Principal threats</h3>
<table>
<thead><tr><th>Threat</th><th>Examples</th><th>Key control</th></tr></thead>
<tbody>
<tr><td>Bacterial disease</td><td><em>Pseudomonas</em> spp. and other opportunistic bacteria, often linked to wet, dirty conditions</td><td>Hygiene, ventilation, removal of residues, lower stocking density</td></tr>
<tr><td>Parasites and pests</td><td>Snail mites (<em>Riccardoella</em> spp.), parasitic flies, nematodes</td><td>Quarantine, clean substrate, screening, avoid untreated timber</td></tr>
<tr><td>Predators</td><td>Rats, mice, shrews, birds, ground beetles, ants (eggs and hatchlings)</td><td>Perimeter design, rodent control, ant barriers</td></tr>
<tr><td>Agrochemicals</td><td>Metaldehyde or ferric phosphate slug pellets, nematode biocontrols from neighbouring land</td><td>Buffer zones, written agreements with neighbours, no molluscicides on site</td></tr>
<tr><td>Zoonoses (<em>Achatina</em>)</td><td><em>Angiostrongylus cantonensis</em> where stock originates from endemic areas</td><td>Use only known, captive-bred stock; gloves and hand-washing; no raw consumption</td></tr>
</tbody>
</table>
<h3>7.2 Core biosecurity programme</h3>
<ol>
<li><strong>Zoning.</strong> Divide the site into clean (breeding, hatching, nursery), production (fattening) and dirty (dispatch, waste, deliveries) zones. Staff and equipment move from clean to dirty, never the reverse, without cleaning and disinfection.</li>
<li><strong>Quarantine.</strong> Hold all incoming stock in a separate room for at least four to six weeks, inspecting it for mortality, mites and abnormal behaviour before it joins the main population. Source breeding stock from a single, documented farm wherever possible.</li>
<li><strong>Hygiene.</strong> Wash and disinfect boxes, trays and troughs between batches using a product approved for use in food-animal environments, followed by a thorough rinse — snails are highly sensitive to chemical residues.</li>
<li><strong>Mortality management.</strong> Remove dead snails daily, record numbers by unit, and dispose of them through an approved animal by-product route. A sustained rise in mortality is your earliest disease signal.</li>
<li><strong>People and vehicles.</strong> Dedicated footwear and protective clothing for each zone, a visitor log and no unnecessary access to breeding rooms.</li>
<li><strong>Records.</strong> Keep batch records covering origin, hatch dates, stocking densities, feed lot numbers, temperature and humidity logs, treatments, mortalities and sales. These underpin traceability, food safety audits and any insurance claim.</li>
</ol>
<h3>7.3 Indicative stocking densities</h3>
<table>
<thead><tr><th>Stage</th><th><em>Cornu aspersum</em></th><th><em>Achatina</em></th></tr></thead>
<tbody>
<tr><td>Hatchlings / nursery</td><td>Up to 1,500–2,000 per m² of usable surface (boxes, trays)</td><td>Up to ~100 per m²</td></tr>
<tr><td>Growers / fattening</td><td>300–500 per m² (outdoor pens); higher on vertical surfaces indoors</td><td>20–50 per m²</td></tr>
<tr><td>Breeders</td><td>100–150 per m²</td><td>5–10 per m²</td></tr>
</tbody>
</table>
<p>Overstocking slows growth through competition and a pheromone-mediated crowding effect, and increases disease pressure. Reduce density first when growth stalls.</p>
<hr>
<h2>8. Economic Realism</h2>
<p>Intensive heliculture is a viable enterprise but not a passive one. Plan for:</p>
<ul>
<li><strong>Capital costs</strong> concentrated in buildings, climate control, racking and fencing.</li>
<li><strong>Energy costs</strong> that dominate indoor <em>Achatina</em> production in a temperate climate.</li>
<li><strong>Labour</strong> for daily feeding, cleaning, inspection and record-keeping — snails cannot be left unattended for long periods.</li>
<li><strong>A learning curve</strong> of one to two production cycles before mortality and feed conversion stabilise.</li>
<li><strong>Route to market</strong> secured before scaling: processors, restaurants, specialist retailers or direct sales of prepared product. Live-snail sales alone rarely sustain a commercial unit.</li>
</ul>
<p>Start with a pilot unit sized to your confirmed demand, measure everything, and scale only once performance data justify it.</p>
<hr>
<h2>Frequently Asked Questions</h2>
<h3>Can I farm giant African land snails (<em>Achatina</em>) in the UK?</h3>
<p>Some <em>Achatina</em> species are legally kept in the UK, but releasing or allowing them to escape into the wild is an offence under Section 14 of the Wildlife and Countryside Act 1981. Commercial production is only realistic in a fully enclosed, heated building with absolute escape prevention. Take legal advice and confirm the status of the specific species with the relevant authority before acquiring stock.</p>
<h3>What temperature is best for farming <em>Cornu aspersum</em>?</h3>
<p><em>Cornu aspersum</em> grows best at around 18–22 °C with 75–90 % relative humidity. Activity slows below about 10 °C, dormancy typically sets in below 5–7 °C, and heat stress and aestivation become a risk above about 27 °C, particularly when humidity is low.</p>
<h3>How do I stop snails escaping from outdoor pens?</h3>
<p>Use a perimeter barrier buried 20–30 cm into the soil and standing 50–70 cm high, with the top folded outwards at about 45°. Add a twin-strand, low-voltage anti-escape wire along the inside, keep vegetation clear of the wire, and maintain a mown or gravelled strip outside the fence so escapes are easy to spot.</p>
<h3>What should commercial snail feed contain?</h3>
<p>A grower meal for <em>Cornu aspersum</em> should provide roughly 15–18 % crude protein and 10–13 % calcium on a dry-matter basis; <em>Achatina</em> growers need around 18–22 % protein and 8–12 % calcium. Feed must contain no added salt and should be supplemented with clean, fresh vegetation.</p>
<h3>Do snail farms in the UK need to register as a food business?</h3>
<p>Yes. If you sell snails for human consumption you must register as a food business with your local authority (in England, at least 28 days before trading) and comply with food hygiene law, including the specific requirements for snails in Annex III, Section XI of Regulation (EC) No 853/2004 as retained in Great Britain.</p>
<h3>How long does it take to raise snails to market weight?</h3>
<p>Under controlled conditions, <em>Cornu aspersum</em> typically reaches market weight in roughly four to seven months from hatching. <em>Achatina</em> species are much slower, generally taking 12–24 months depending on species, temperature and feed quality.</p>","<script type=""application/ld+json"">
{
  ""@context"": ""https://schema.org"",
  ""@type"": ""Article"",
  ""@id"": ""https://snailworld.org/articles/intensive-heliculture-pen-design/#article"",
  ""headline"": ""Intensive Heliculture: Pen Design, Temperature Thresholds, and Biosecurity Standards"",
  ""description"": ""Technical guide for UK and European snail farmers: Cornu aspersum vs Achatina climate control, escape-proof pens, feed formulae and biosecurity."",
  ""image"": [
    ""https://snailworld.org/images/articles/intensive-heliculture-pen-design.jpg""
  ],
  ""datePublished"": ""2026-10-02"",
  ""dateModified"": ""2026-10-02"",
  ""inLanguage"": ""en-GB"",
  ""mainEntityOfPage"": {
    ""@type"": ""WebPage"",
    ""@id"": ""https://snailworld.org/articles/intensive-heliculture-pen-design/""
  },
  ""articleSection"": ""Farm Operations & Business"",
  ""keywords"": ""heliculture, snail farming, Cornu aspersum, Achatina, snail pen design, snail farm biosecurity, snail feed formula, UK snail farming"",
  ""about"": [
    {
      ""@type"": ""Thing"",
      ""name"": ""Heliculture""
    },
    {
      ""@type"": ""Thing"",
      ""name"": ""Cornu aspersum""
    },
    {
      ""@type"": ""Thing"",
      ""name"": ""Achatina""
    }
  ],
  ""audience"": {
    ""@type"": ""Audience"",
    ""geographicArea"": {
      ""@type"": ""Place"",
      ""name"": ""UK & Europe""
    }
  },
  ""wordCount"": 3397,
  ""author"": {
    ""@type"": ""Person"",
    ""@id"": ""https://snailworld.org/authors/batuli-kassim/#person"",
    ""name"": ""Batuli Kassim"",
    ""jobTitle"": ""Lead Agricultural Editor"",
    ""url"": ""https://snailworld.org/authors/batuli-kassim/"",
    ""worksFor"": {
      ""@id"": ""https://snailworld.org/#organization""
    }
  },
  ""publisher"": {
    ""@type"": ""Organization"",
    ""@id"": ""https://snailworld.org/#organization"",
    ""name"": ""Snail World"",
    ""url"": ""https://snailworld.org/"",
    ""logo"": {
      ""@type"": ""ImageObject"",
      ""url"": ""https://snailworld.org/images/logo.png""
    }
  }
}
</script>
<script type=""application/ld+json"">
{
  ""@context"": ""https://schema.org"",
  ""@type"": ""FAQPage"",
  ""@id"": ""https://snailworld.org/articles/intensive-heliculture-pen-design/#faq"",
  ""mainEntity"": [
    {
      ""@type"": ""Question"",
      ""name"": ""Can I farm giant African land snails (Achatina) in the UK?"",
      ""acceptedAnswer"": {
        ""@type"": ""Answer"",
        ""text"": ""Some Achatina species are legally kept in the UK, but releasing or allowing them to escape into the wild is an offence under Section 14 of the Wildlife and Countryside Act 1981. Commercial production is only realistic in a fully enclosed, heated building with absolute escape prevention. Take legal advice and confirm the status of the specific species with the relevant authority before acquiring stock.""
      }
    },
    {
      ""@type"": ""Question"",
      ""name"": ""What temperature is best for farming Cornu aspersum?"",
      ""acceptedAnswer"": {
        ""@type"": ""Answer"",
        ""text"": ""Cornu aspersum grows best at around 18–22 °C with 75–90 % relative humidity. Activity slows below about 10 °C, dormancy typically sets in below 5–7 °C, and heat stress and aestivation become a risk above about 27 °C, particularly when humidity is low.""
      }
    },
    {
      ""@type"": ""Question"",
      ""name"": ""How do I stop snails escaping from outdoor pens?"",
      ""acceptedAnswer"": {
        ""@type"": ""Answer"",
        ""text"": ""Use a perimeter barrier buried 20–30 cm into the soil and standing 50–70 cm high, with the top folded outwards at about 45°. Add a twin-strand, low-voltage anti-escape wire along the inside, keep vegetation clear of the wire, and maintain a mown or gravelled strip outside the fence so escapes are easy to spot.""
      }
    },
    {
      ""@type"": ""Question"",
      ""name"": ""What should commercial snail feed contain?"",
      ""acceptedAnswer"": {
        ""@type"": ""Answer"",
        ""text"": ""A grower meal for Cornu aspersum should provide roughly 15–18 % crude protein and 10–13 % calcium on a dry-matter basis; Achatina growers need around 18–22 % protein and 8–12 % calcium. Feed must contain no added salt and should be supplemented with clean, fresh vegetation.""
      }
    },
    {
      ""@type"": ""Question"",
      ""name"": ""Do snail farms in the UK need to register as a food business?"",
      ""acceptedAnswer"": {
        ""@type"": ""Answer"",
        ""text"": ""Yes. If you sell snails for human consumption you must register as a food business with your local authority (in England, at least 28 days before trading) and comply with food hygiene law, including the specific requirements for snails in Annex III, Section XI of Regulation (EC) No 853/2004 as retained in Great Britain.""
      }
    },
    {
      ""@type"": ""Question"",
      ""name"": ""How long does it take to raise snails to market weight?"",
      ""acceptedAnswer"": {
        ""@type"": ""Answer"",
        ""text"": ""Under controlled conditions, Cornu aspersum typically reaches market weight in roughly four to seven months from hatching. Achatina species are much slower, generally taking 12–24 months depending on species, temperature and feed quality.""
      }
    }
  ]
}
</script>","content/articles/intensive-heliculture-pen-design.md"
"The Science of Purging and Enzymatic Cleaning: Preparing Farmed Gastropods for High-End Gastronomy","purging-and-kitchen-preparation-science","Commercial Producers & Aspiring Farmers > Snail Science & Kitchen Prep > Purging & Cleaning","Commercial Producers & Aspiring Farmers","Snail Science & Kitchen Prep","Purging & Cleaning","purging-and-cleaning","Commercial Producers & Aspiring Farmers > Snail Science & Kitchen Prep > Dispatching & Safety | Commercial Producers & Aspiring Farmers > Snail Science & Kitchen Prep > Meat Science & Texture | Commercial Producers & Aspiring Farmers > Snail Science & Kitchen Prep > Mucin & Byproducts","purging snails, humane dispatch, escargot preparation, mucin removal, enzymatic tenderising, snail caviar, snail mucin, food safety, allergens","Batuli Kassim","Snail Purging, Dispatch & Kitchen Preparation Science","Professional guide to snail purging timelines, humane dispatch, mucin removal, enzymatic tenderising, texture control and snail caviar.","Global (UK & Europe primary; West Africa)","2026-10-02","Draft","<p>A plate of snails is only as good as the five days that precede it. Purging, dispatch, cleaning and the first cook determine flavour, texture, food safety and yield far more than any sauce. Yet in many professional kitchens these stages are handled by habit rather than by understanding.</p>
<p>This guide is written for chefs, kitchen managers and food producers who want to prepare farmed gastropods to a consistent, defensible standard. It explains what is happening biologically and chemically at each stage, sets out working timelines, and covers the secondary yields — snail caviar and mucin — that can transform the economics of a snail programme.</p>
<blockquote>
<p><strong>Key takeaways</strong></p>
<ul>
<li>Farmed snails raised on controlled feed need a shorter purge (typically 48–72 hours of fasting) than wild-gathered snails (often five to seven days, sometimes preceded by a cleansing diet).</li>
<li>The most humane practical dispatch for the kitchen is chilling to dormancy followed by immersion in a large volume of water at a full, rolling boil. Never salt, slowly heat or slowly freeze live snails.</li>
<li>Mucus (mucin) is removed after death using salt, acid or alum, which change the charge and hydration of mucin glycoproteins so they aggregate and rinse away.</li>
<li>Texture is controlled by gentle, prolonged cooking below the boil, cooling in the cooking liquor, and — used with care — plant proteases such as papain or bromelain.</li>
<li>Molluscs are one of the 14 allergens that must be declared under UK and EU food information law.</li>
</ul>
</blockquote>
<hr>
<h2>1. The Regulatory Baseline</h2>
<p>Before technique comes compliance. In Great Britain and the EU:</p>
<ul>
<li>Snails for human consumption are covered by Regulation (EC) No 853/2004 (retained as assimilated law in GB), Annex III, Section XI. Snails must be killed in an establishment, and the hepatopancreas must be removed where it may present a hazard and must not be used for human consumption.</li>
<li>Any kitchen or unit processing live snails needs a HACCP-based food safety management system that explicitly covers intake inspection, purging, dispatch, cooling and storage.</li>
<li><strong>Molluscs are a declarable allergen.</strong> Snails must be identified on menus, labels and allergen matrices, and cross-contact with other dishes must be controlled.</li>
<li>Buy from registered producers who can supply traceability records. Wild-gathered snails carry unknown dietary histories and, in the case of protected species such as <em>Helix pomatia</em>, possible legal problems.</li>
</ul>
<hr>
<h2>2. Why Purging Matters: The Biology</h2>
<p>A snail's gut is a continuous tube coiled through the visceral mass. At any moment it contains partly digested plant material, soil and grit. In wild snails it may also contain residues of plants that are harmless to the snail but bitter or toxic to people.</p>
<p>Purging relies on the snail's own physiology. When feed is withdrawn, peristalsis and the snail's endogenous digestive enzymes — secreted largely by the hepatopancreas (digestive gland) — continue to process and clear the gut. Within a few days the tract is substantially empty, the faeces change from dark and formed to pale and mucoid, and the meat loses the earthy bitterness that unpurged snails carry. This is the first, and most important, ""enzymatic cleaning"" in the process: the animal does it for you, provided conditions are right.</p>
<p>The right conditions are cool, humid and clean:</p>
<ul>
<li><strong>Humidity</strong> keeps the snail active enough to complete clearance. A dehydrated snail seals itself and stops purging.</li>
<li><strong>Cleanliness</strong> prevents re-ingestion of faeces. Containers must be rinsed daily.</li>
<li><strong>Moderate temperature</strong> (around 15–20 °C for <em>Cornu aspersum</em>; around 22–26 °C for <em>Achatina</em>) keeps metabolism working without accelerating weight loss.</li>
</ul>
<hr>
<h2>3. Purging Timelines</h2>
<table>
<thead><tr><th>Stage</th><th>Farmed <em>Cornu aspersum</em> / <em>Helix</em></th><th>Wild-gathered <em>Cornu</em> / <em>Helix</em></th><th>Farmed <em>Achatina</em></th></tr></thead>
<tbody>
<tr><td>Intake inspection</td><td>Day 0</td><td>Day 0</td><td>Day 0</td></tr>
<tr><td>Cleansing diet (optional)</td><td>Not usually required</td><td>2–5 days on clean bran, flour or fresh herbs</td><td>Not usually required</td></tr>
<tr><td>Fasting purge</td><td>48–72 hours</td><td>3–5 days after the cleansing diet</td><td>24–72 hours</td></tr>
<tr><td>Conditioning chill</td><td>24–48 hours at 2–6 °C</td><td>24–48 hours at 2–6 °C</td><td>Short chill only (several hours at 8–12 °C)</td></tr>
<tr><td>Total, intake to dispatch</td><td>3–5 days</td><td>6–10 days</td><td>2–4 days</td></tr>
</tbody>
</table>
<h3>3.1 Intake inspection</h3>
<p>Discard any snail that is cracked, foul-smelling, fails to retract when touched, or has a sunken, discoloured body. Record the batch, supplier, quantity and rejection rate. A high rejection rate is a supplier conversation, not a kitchen problem to absorb.</p>
<h3>3.2 Purging set-up</h3>
<ul>
<li>Use perforated food-grade containers with secure, ventilated lids. Snails will climb out of any open container.</li>
<li>Stock in a single layer where possible; crowding increases stress and fouling.</li>
<li>Mist with clean, cool water once or twice daily and rinse containers each day.</li>
<li>Do not add salt, vinegar or detergents to live snails at any stage.</li>
</ul>
<h3>3.3 Conditioning chill</h3>
<p>A final period of refrigeration at 2–6 °C slows metabolism, induces dormancy and causes many <em>Cornu</em> and <em>Helix</em> snails to form an epiphragm — a dried mucous seal across the aperture. Dormant snails are easier and safer to handle, lose less mucus and are in the most appropriate state for dispatch. <em>Achatina</em> are tropical animals and tolerate cold poorly, so they need only a short, moderate chill.</p>
<hr>
<h2>4. Humane Dispatch</h2>
<p>Gastropods are not currently covered by UK animal welfare legislation, but there is credible scientific evidence that molluscs respond to harmful stimuli, and both diners and buyers increasingly expect humane practice. A professional kitchen should have a written dispatch procedure that every member of staff follows.</p>
<h3>4.1 Recommended kitchen method</h3>
<ol>
<li><strong>Chill to dormancy</strong> as described above, so the snails are inactive and retracted.</li>
<li><strong>Prepare a large volume of water at a full, rolling boil.</strong> Use at least ten times the weight of snails in water so that the temperature does not collapse when they are added.</li>
<li><strong>Add the snails in small batches</strong> so that the water returns to the boil almost immediately.</li>
<li><strong>Boil for 3–5 minutes</strong> (<em>Cornu</em>/<em>Helix</em>) or 5–8 minutes (<em>Achatina</em>, depending on size) to ensure death and to loosen the body from the shell.</li>
<li><strong>Drain and chill rapidly</strong> in iced water before extraction.</li>
</ol>
<h3>4.2 Practices to avoid</h3>
<ul>
<li><strong>Salting live snails.</strong> Salt draws water from the tissues by osmosis and causes prolonged distress. Use salt only after death, for mucin removal.</li>
<li><strong>Starting in cold water and heating slowly.</strong> This prolongs the time to death.</li>
<li><strong>Slow freezing in a domestic or kitchen freezer.</strong> Freezing is slow at the core of a large batch and is not a reliable humane method.</li>
<li><strong>Cracking or extracting live <em>Achatina</em>.</strong> In parts of West Africa, live snails are traditionally cracked and cleaned raw. In a professional setting, dispatch first by boiling, then extract — it is more humane, safer for staff, and the meat is easier to remove.</li>
</ul>
<p>Laboratory protocols for invertebrates use anaesthetic agents such as magnesium chloride before a secondary killing step. These are not food-grade methods and have no place in a kitchen.</p>
<hr>
<h2>5. Extraction and Evisceration</h2>
<ol>
<li>Using a snail fork or pick, draw the body from the shell with a gentle twisting motion following the spiral.</li>
<li>Identify the <strong>foot</strong> (the pale, muscular part — the meat) and the <strong>visceral mass</strong> (the dark, coiled portion at the end, known in French kitchens as the <em>tortillon</em>).</li>
<li>Remove the visceral mass, including the hepatopancreas, at the junction with the foot. Most high-end preparations discard it entirely. In some traditions it is retained for flavour, but its removal is the conservative food-safety position and is required by law where it may present a hazard.</li>
<li>For <em>Achatina</em>, slit the foot and remove the intestine and any remaining dark tissue. Large specimens can then be sliced into portions.</li>
<li>Keep extracted meat on ice throughout. The digestive gland is rich in enzymes, and any residual tissue left at warm temperatures will begin autolysis — enzymatic self-digestion — that softens texture and produces off-flavours.</li>
</ol>
<hr>
<h2>6. Mucin Removal: The Chemistry of Cleaning</h2>
<p>Snail mucus is a hydrogel built from mucins: very large glycoproteins whose dense sugar side-chains bind enormous quantities of water. It protects the living animal, but in the kitchen it clouds cooking liquors, coats the palate and carries residual soil.</p>
<p>Each traditional cleaning agent works by disrupting that hydrogel:</p>
<table>
<thead><tr><th>Agent</th><th>Mechanism</th><th>Typical use</th><th>Notes</th></tr></thead>
<tbody>
<tr><td>Coarse salt</td><td>Raises ionic strength, shielding the charges that keep mucin chains expanded and hydrated, so the gel collapses and aggregates</td><td>Classic French and Mediterranean practice</td><td>Use only after death; rinse very thoroughly</td></tr>
<tr><td>Vinegar or citrus juice</td><td>Lowers pH, altering the charge on mucin chains and promoting aggregation</td><td>European and West African practice (lime or lemon)</td><td>Brief contact only; prolonged acid exposure firms the surface proteins</td></tr>
<tr><td>Potassium alum</td><td>Multivalent aluminium ions cross-link and flocculate mucin, which can then be rubbed and rinsed away</td><td>Widely used for <em>Achatina</em> in Nigeria and Ghana</td><td>Use food-grade alum sparingly; rinse repeatedly</td></tr>
<tr><td>Flour or fine cornmeal</td><td>Mechanical abrasion and absorption</td><td>Supplementary scrub, especially for large <em>Achatina</em></td><td>Rinse fully before cooking</td></tr>
</tbody>
</table>
<p><strong>Working method (<em>Cornu</em>/<em>Helix</em>):</strong> toss the blanched, extracted meat with coarse salt and a splash of white wine vinegar, massage for two to three minutes, then rinse under cold running water. Repeat two or three times until the rinse water runs clear and the meat no longer feels slippery.</p>
<p><strong>Working method (<em>Achatina</em>):</strong> rub the sliced meat with lime juice or a little dissolved alum and a handful of flour or cornmeal, massage firmly, and rinse. Repeat until the surface is clean and no longer slick.</p>
<hr>
<h2>7. Exogenous Enzymes and Texture Control</h2>
<h3>7.1 Understanding snail meat</h3>
<p>The snail foot is a dense muscular organ with a high proportion of connective tissue. Under-cooked, it is rubbery; cooked hard at a rolling boil, it tightens and becomes tough; cooked slowly and gently, the connective tissue softens and the meat becomes tender with a pleasant, yielding bite. <em>Achatina</em> meat is coarser and firmer than <em>Cornu</em> or <em>Helix</em> and benefits from slicing and longer cooking.</p>
<h3>7.2 Plant proteases</h3>
<p>Several plant enzymes break down muscle and connective-tissue proteins and can be used as tenderisers:</p>
<ul>
<li><strong>Papain</strong> (from papaya; in West Africa, pawpaw leaves and green fruit are traditional meat tenderisers)</li>
<li><strong>Bromelain</strong> (from pineapple)</li>
<li><strong>Actinidin</strong> (from kiwi fruit)</li>
</ul>
<p><strong>Guidance for professional use:</strong></p>
<ul>
<li>Apply only to cleaned, raw or blanched meat, and only for large or tough specimens — usually <em>Achatina</em>. Well-raised <em>Cornu aspersum</em> rarely needs enzymatic tenderising.</li>
<li>Start with short contact times (15–30 minutes, refrigerated) and test. Over-treatment produces a mushy, mealy surface that cannot be reversed.</li>
<li>These enzymes are denatured by thorough cooking, which stops their action. Proteases are most active at warm temperatures, so the meat must go from marinade to heat promptly and not sit at room temperature.</li>
<li>Standardise the dose (weight of fruit purée or commercial enzyme per kilogram of meat) and record it, so the result is repeatable.</li>
</ul>
<h3>7.3 The first cook: court-bouillon</h3>
<p>The foundational professional technique is to cook the cleaned meat gently in an aromatic court-bouillon — for example water and dry white wine with carrot, onion, celery, garlic, thyme, bay and peppercorns.</p>
<table>
<thead><tr><th>Species</th><th>Method</th><th>Indicative time</th></tr></thead>
<tbody>
<tr><td><em>Cornu aspersum</em> (petit-gris)</td><td>Bare simmer, around 85–90 °C</td><td>1½–2 hours</td></tr>
<tr><td><em>Cornu aspersum maxima</em> (gros-gris)</td><td>Bare simmer, around 85–90 °C</td><td>2–2½ hours</td></tr>
<tr><td><em>Helix pomatia</em> (farmed)</td><td>Bare simmer, around 85–90 °C</td><td>2½–3½ hours</td></tr>
<tr><td><em>Achatina</em> (sliced)</td><td>Bare simmer, or pressure cook</td><td>1–2 hours simmered; 20–30 minutes under pressure</td></tr>
<tr><td><em>Achatina</em> (sliced)</td><td>Sous vide (starting point for trials)</td><td>Around 75 °C for 4–8 hours, then chill</td></tr>
</tbody>
</table>
<p>Times vary with size, age and diet; test regularly from the lower bound. The meat is ready when it yields easily to the bite with no rubberiness at the centre.</p>
<p><strong>Cool in the liquor.</strong> Allow the snails to cool in their cooking liquid rather than draining them hot. The meat reabsorbs moisture and stays plump. Then chill rapidly — current UK guidance is to cool cooked food as quickly as possible, ideally to below 8 °C within 90 minutes, before refrigeration at 0–5 °C.</p>
<h3>7.4 Storage and shells</h3>
<ul>
<li>Store cooked meat submerged in its strained liquor, chilled, and use within your validated shelf life (typically up to three days), or vacuum-pack and freeze.</li>
<li>To reuse shells for service, boil them in water with bicarbonate of soda, scrub, rinse and dry in a low oven. Inspect each shell for cracks.</li>
</ul>
<hr>
<h2>8. Food Safety Essentials</h2>
<ul>
<li><strong>Cook thoroughly.</strong> Never serve snails raw or undercooked. This is particularly important for <em>Achatina</em>, which can carry the rat lungworm <em>Angiostrongylus cantonensis</em> in endemic areas; thorough cooking destroys it.</li>
<li><strong>Protect staff.</strong> Wear gloves when handling live or raw <em>Achatina</em> and wash hands thoroughly afterwards.</li>
<li><strong>Separate raw and cooked.</strong> Treat raw snails and their purging water as high-risk; use dedicated equipment and sanitise surfaces.</li>
<li><strong>Declare the allergen.</strong> Molluscs must be identified to customers and controlled for cross-contact.</li>
</ul>
<hr>
<h2>9. Secondary Yields: Caviar and Mucin</h2>
<h3>9.1 Snail caviar</h3>
<p>Snail caviar consists of the eggs of <em>Cornu aspersum</em> (and some <em>Helix</em> species): pearly, white to off-white spheres of around 3–4 mm with a delicate, earthy, mushroom- and forest-floor flavour and a gentle pop. It is a luxury product with a strong price premium.</p>
<p><strong>Production outline:</strong></p>
<ol>
<li>Breeding snails lay clutches in prepared pots of moist, sterilised soil or substrate.</li>
<li>Clutches are collected promptly — ideally within 24 hours of laying, before embryonic development begins.</li>
<li>Eggs are separated from the substrate, gently washed and sorted, discarding broken or discoloured eggs.</li>
<li>They are then cured in a brine (sometimes flavoured with herbs or aromatics), packed and pasteurised to achieve a safe, stable product.</li>
</ol>
<p><strong>Commercial considerations:</strong></p>
<ul>
<li>Each clutch is small, and yields are labour-intensive to collect. Every clutch harvested is also a clutch not hatched, so caviar production must be planned alongside replacement-stock needs.</li>
<li>Confirm the food-law status of the product with the Food Standards Agency (or your national authority) before launch, including whether any novel food considerations apply, and validate the pasteurisation step with a qualified food technologist.</li>
</ul>
<h3>9.2 Snail mucin (secretion filtrate)</h3>
<p>Snail mucin — listed in cosmetic ingredients as <em>Snail Secretion Filtrate</em> — is a major cosmetic ingredient. It is a non-food yield and is regulated under cosmetics law (in Great Britain, the UK Cosmetics Regulation), not food law.</p>
<p><strong>Responsible collection principles:</strong></p>
<ul>
<li>Use live, healthy, purged snails and non-lethal collection methods that stimulate secretion gently, without salt, acids or other irritants.</li>
<li>Limit collection frequency and return snails to normal husbandry between collections, monitoring their condition.</li>
<li>Filter, stabilise and test the secretion under hygienic, documented conditions; cosmetic ingredients require a safety assessment and a designated Responsible Person for any finished product placed on the market.</li>
<li>Be accurate in marketing claims. ""Cruelty-free"" and ""ethically sourced"" claims must be substantiated.</li>
</ul>
<p>Mucin collection is a distinct operation with its own regulatory pathway. Do not combine it informally with kitchen purging.</p>
<hr>
<h2>Frequently Asked Questions</h2>
<h3>How long should snails be purged before cooking?</h3>
<p>Farmed snails raised on controlled feed typically need 48–72 hours of fasting, followed by 24–48 hours of chilling at 2–6 °C. Wild-gathered snails usually need longer: two to five days on a cleansing diet such as bran or flour, then three to five days of fasting.</p>
<h3>What is the most humane way to kill snails for cooking?</h3>
<p>The most humane practical kitchen method is to chill the snails until they are dormant, then plunge them in small batches into a large volume of water at a full, rolling boil. Avoid salting live snails, starting them in cold water, or freezing them slowly.</p>
<h3>How do you get rid of snail slime?</h3>
<p>After the snails have been dispatched and removed from the shell, massage the meat with coarse salt and a little vinegar, or with lime juice, alum and flour for larger <em>Achatina</em>, then rinse under cold running water. Repeat until the rinse water runs clear and the meat no longer feels slippery.</p>
<h3>Why are my cooked snails tough or rubbery?</h3>
<p>Snails become tough when they are undercooked or cooked at a hard, rolling boil. Cook them at a bare simmer of around 85–90 °C for one and a half to three and a half hours depending on species and size, and let them cool in their cooking liquor.</p>
<h3>What is snail caviar?</h3>
<p>Snail caviar is the eggs of <em>Cornu aspersum</em> or related species, harvested soon after laying, cleaned, brine-cured and pasteurised. The pearly 3–4 mm eggs have a delicate earthy, mushroom-like flavour and are sold as a luxury product.</p>
<h3>Are snails an allergen?</h3>
<p>Yes. Molluscs are one of the 14 major allergens that must be declared under UK and EU food information law, so snails must be identified on menus and labels, and cross-contact must be controlled.</p>","<script type=""application/ld+json"">
{
  ""@context"": ""https://schema.org"",
  ""@type"": ""Article"",
  ""@id"": ""https://snailworld.org/articles/purging-and-kitchen-preparation-science/#article"",
  ""headline"": ""The Science of Purging and Enzymatic Cleaning: Preparing Farmed Gastropods for High-End Gastronomy"",
  ""description"": ""Professional guide to snail purging timelines, humane dispatch, mucin removal, enzymatic tenderising, texture control and snail caviar."",
  ""image"": [
    ""https://snailworld.org/images/articles/purging-and-kitchen-preparation-science.jpg""
  ],
  ""datePublished"": ""2026-10-02"",
  ""dateModified"": ""2026-10-02"",
  ""inLanguage"": ""en-GB"",
  ""mainEntityOfPage"": {
    ""@type"": ""WebPage"",
    ""@id"": ""https://snailworld.org/articles/purging-and-kitchen-preparation-science/""
  },
  ""articleSection"": ""Snail Science & Kitchen Prep"",
  ""keywords"": ""purging snails, humane dispatch, escargot preparation, snail mucin, snail caviar, snail texture, enzymatic tenderising"",
  ""about"": [
    {
      ""@type"": ""Thing"",
      ""name"": ""Escargot""
    },
    {
      ""@type"": ""Thing"",
      ""name"": ""Snail caviar""
    },
    {
      ""@type"": ""Thing"",
      ""name"": ""Snail mucin""
    }
  ],
  ""audience"": {
    ""@type"": ""Audience"",
    ""geographicArea"": {
      ""@type"": ""Place"",
      ""name"": ""Global (UK & Europe primary; West Africa)""
    }
  },
  ""wordCount"": 2789,
  ""author"": {
    ""@type"": ""Person"",
    ""@id"": ""https://snailworld.org/authors/batuli-kassim/#person"",
    ""name"": ""Batuli Kassim"",
    ""jobTitle"": ""Lead Agricultural Editor & Culinary Ethnographer"",
    ""url"": ""https://snailworld.org/authors/batuli-kassim/"",
    ""worksFor"": {
      ""@id"": ""https://snailworld.org/#organization""
    }
  },
  ""publisher"": {
    ""@type"": ""Organization"",
    ""@id"": ""https://snailworld.org/#organization"",
    ""name"": ""Snail World"",
    ""url"": ""https://snailworld.org/"",
    ""logo"": {
      ""@type"": ""ImageObject"",
      ""url"": ""https://snailworld.org/images/logo.png""
    }
  }
}
</script>
<script type=""application/ld+json"">
{
  ""@context"": ""https://schema.org"",
  ""@type"": ""FAQPage"",
  ""@id"": ""https://snailworld.org/articles/purging-and-kitchen-preparation-science/#faq"",
  ""mainEntity"": [
    {
      ""@type"": ""Question"",
      ""name"": ""How long should snails be purged before cooking?"",
      ""acceptedAnswer"": {
        ""@type"": ""Answer"",
        ""text"": ""Farmed snails raised on controlled feed typically need 48–72 hours of fasting, followed by 24–48 hours of chilling at 2–6 °C. Wild-gathered snails usually need longer: two to five days on a cleansing diet such as bran or flour, then three to five days of fasting.""
      }
    },
    {
      ""@type"": ""Question"",
      ""name"": ""What is the most humane way to kill snails for cooking?"",
      ""acceptedAnswer"": {
        ""@type"": ""Answer"",
        ""text"": ""The most humane practical kitchen method is to chill the snails until they are dormant, then plunge them in small batches into a large volume of water at a full, rolling boil. Avoid salting live snails, starting them in cold water, or freezing them slowly.""
      }
    },
    {
      ""@type"": ""Question"",
      ""name"": ""How do you get rid of snail slime?"",
      ""acceptedAnswer"": {
        ""@type"": ""Answer"",
        ""text"": ""After the snails have been dispatched and removed from the shell, massage the meat with coarse salt and a little vinegar, or with lime juice, alum and flour for larger Achatina, then rinse under cold running water. Repeat until the rinse water runs clear and the meat no longer feels slippery.""
      }
    },
    {
      ""@type"": ""Question"",
      ""name"": ""Why are my cooked snails tough or rubbery?"",
      ""acceptedAnswer"": {
        ""@type"": ""Answer"",
        ""text"": ""Snails become tough when they are undercooked or cooked at a hard, rolling boil. Cook them at a bare simmer of around 85–90 °C for one and a half to three and a half hours depending on species and size, and let them cool in their cooking liquor.""
      }
    },
    {
      ""@type"": ""Question"",
      ""name"": ""What is snail caviar?"",
      ""acceptedAnswer"": {
        ""@type"": ""Answer"",
        ""text"": ""Snail caviar is the eggs of Cornu aspersum or related species, harvested soon after laying, cleaned, brine-cured and pasteurised. The pearly 3–4 mm eggs have a delicate earthy, mushroom-like flavour and are sold as a luxury product.""
      }
    },
    {
      ""@type"": ""Question"",
      ""name"": ""Are snails an allergen?"",
      ""acceptedAnswer"": {
        ""@type"": ""Answer"",
        ""text"": ""Yes. Molluscs are one of the 14 major allergens that must be declared under UK and EU food information law, so snails must be identified on menus and labels, and cross-contact must be controlled.""
      }
    }
  ]
}
</script>","content/articles/purging-and-kitchen-preparation-science.md"
"From Peppered Snails to Babbouche Broth: Regional Heritage and Gastropod Cookery","regional-gastropod-culinary-heritage","Culinary Professionals & Food Enthusiasts > Global Gastronomy & Recipes > West Africa","Culinary Professionals & Food Enthusiasts","Global Gastronomy & Recipes","West Africa","west-africa","Culinary Professionals & Food Enthusiasts > Global Gastronomy & Recipes > Europe & Mediterranean","West Africa, Europe & Mediterranean, Nigeria, Ghana, Morocco, Spain, Sicily, Crete, peppered snail, babbouche, snail pepper soup, caragols a la llauna, alligator pepper, wild thyme, street food","Batuli Kassim","Peppered Snails to Babbouche: Regional Snail Cookery","West African peppered snails and Moroccan babbouche broth: street food culture, alligator pepper vs wild thyme and traditional reduction techniques.","West Africa; Europe & Mediterranean","2026-10-02","Draft","<p>On a warm Lagos evening, a tray of glossy, chilli-red snails is passed around a wedding reception, each piece speared on a cocktail stick. A few thousand kilometres north, in the square of Jemaa el-Fnaa in Marrakech, a vendor ladles steaming, aromatic broth and tiny snails into a small bowl, and customers drink the liquid slowly before picking out the meat with a pin.</p>
<p>These are two of the world's great snail-eating cultures. Neither is a curiosity. Each represents generations of knowledge about seasonality, preparation, spice and technique — and each tells us something about how cooks around the Mediterranean and across West Africa have made one of the oldest foods in the human diet their own.</p>
<p>This guide explores the street-food culture, spice logic and reduction techniques behind these traditions, with recipes that respect their origins.</p>
<blockquote>
<p><strong>Key takeaways</strong></p>
<ul>
<li>West African snail cookery centres on the giant African land snails (<em>Achatina</em> and <em>Archachatina</em>), prized for their large, meaty bodies and cooked in intensely reduced pepper sauces or aromatic pepper soups.</li>
<li>Mediterranean traditions use smaller snails — <em>Cornu aspersum</em>, <em>Theba pisana</em>, <em>Otala</em> and others — and favour long infusions in herb- and spice-laden broths or quick, high-heat roasting.</li>
<li>Alligator pepper (<em>Aframomum melegueta</em>) brings pungent heat with citrus and cardamom notes; wild thyme brings resinous, phenolic warmth. They behave differently in the pot and are added at different moments.</li>
<li>The defining technique of the West African peppered snail is ""frying the pepper"" — reducing a blended pepper base in oil until the water has gone and the oil separates. Babbouche, by contrast, is built to stay a drinkable broth.</li>
</ul>
</blockquote>
<hr>
<h2>1. West Africa: The Snail as Celebration and Sustenance</h2>
<h3>1.1 The animal and the season</h3>
<p>Across the forest belt of West Africa — from southern Nigeria through Ghana and Côte d'Ivoire to Cameroon — the giant African land snails have long been gathered from forest floors and farm edges, especially during the rainy season, when they are most active. <em>Archachatina marginata</em> and <em>Achatina achatina</em> are the most valued: large, firm-fleshed and rich in flavour.</p>
<p>Snail meat carries a reputation in the region as a premium, lean protein. It is a food of hospitality, of celebration and, increasingly, of commerce: urban demand has outstripped what forests can sustainably supply, and snail farming is now widely promoted across Nigeria and Ghana as a response to over-harvesting and habitat loss.</p>
<p>The snail also holds cultural and spiritual meaning. In Yoruba tradition, the snail (<em>ìgbín</em>) is associated with the orisha Obatala and with coolness and calm, and snail fluid features in some ritual contexts. Such associations vary by community and should be approached with the same respect as any other religious practice.</p>
<h3>1.2 Street food and party culture</h3>
<p>In Nigeria, <strong>peppered snail</strong> is a centrepiece of party culture. At weddings, birthdays and the celebrations Nigerians call <em>owambe</em>, it often appears among the ""small chops"" — finger foods served with drinks — and in bars and lounges it is sold by the plate as an accompaniment to cold beer. Good peppered snail is judged on three things: snails that are clean and tender with a gentle chew, a sauce that clings rather than runs, and heat that is bold but balanced by sweetness.</p>
<p>In Ghana, where the snail is known in Twi as <em>nwa</em>, snails are grilled on skewers as roadside <strong>snail kebabs</strong>, often served with <em>shito</em>, the dark, fried pepper sauce, and onions. They also enrich soups — light soup, palm nut soup (<em>abenkwan</em>) and groundnut soup — where they are cooked alongside fish, meat and mushrooms.</p>
<h3>1.3 Preparation: cleaning the West African way</h3>
<p>West African cooks have a well-developed cleaning tradition for these large snails. The shell is removed, the visceral mass and intestine are cut away, and the meat is scrubbed vigorously to remove its abundant mucus. The most widely used agents are <strong>alum</strong> (<em>potassium alum</em>, sold in markets as clear crystals), <strong>lime or lemon juice</strong> and sometimes <strong>garri</strong> or flour as an abrasive. The meat is rinsed repeatedly until it is clean and no longer slippery.</p>
<p>For a professional kitchen, we recommend dispatching the snails humanely by boiling before cleaning; see our companion guide, <em>The Science of Purging and Enzymatic Cleaning</em>. Always cook <em>Achatina</em> thoroughly.</p>
<h3>1.4 Recipe: Nigerian peppered snail</h3>
<p><em>Serves 6 as a starter or small chop</em></p>
<p><strong>For the parboil</strong></p>
<ul>
<li>1 kg cleaned, sliced giant African land snail meat</li>
<li>1 medium onion, sliced</li>
<li>1 Scotch bonnet pepper (<em>ata rodo</em>), whole</li>
<li>1 tsp dried thyme</li>
<li>1 tsp Nigerian-style curry powder</li>
<li>1–2 stock cubes or 1 tsp salt</li>
<li>500 ml water</li>
</ul>
<p><strong>For the pepper base</strong></p>
<ul>
<li>4 large red bell peppers (<em>tatashe</em>), deseeded</li>
<li>2–4 Scotch bonnet peppers, to taste</li>
<li>1 large onion</li>
<li>120 ml vegetable oil (or part red palm oil for a deeper, earthier flavour)</li>
<li>1 medium onion, finely sliced (to finish)</li>
<li>Optional: ½ tsp freshly crushed alligator pepper seeds (<em>ataare</em>)</li>
</ul>
<p><strong>Method</strong></p>
<ol>
<li><strong>Parboil the snails.</strong> Place the snails in a pan with the onion, whole Scotch bonnet, thyme, curry powder, stock cubes and water. Simmer gently until tender — 30–60 minutes depending on size. Strain, reserving the stock.</li>
<li><strong>Blend the base.</strong> Blend the bell peppers, Scotch bonnets and onion to a coarse purée.</li>
<li><strong>Reduce the purée.</strong> Boil the purée in a dry, wide pan until much of its water has evaporated and it thickens to a paste. Reduce over a medium heat, stirring so it does not catch.</li>
<li><strong>Fry the pepper.</strong> Add the oil to the reduced purée and fry, stirring often, for 15–20 minutes, until the colour deepens to a rich brick red, the raw-pepper smell disappears and the oil rises and separates at the edges. This is the essential step.</li>
<li><strong>Combine.</strong> Add the snails and a few spoonfuls of the reserved stock. Toss and simmer until the sauce reduces again and coats every piece.</li>
<li><strong>Finish.</strong> Stir in the sliced onion for the final 2–3 minutes so it keeps some crunch. Add a pinch of crushed alligator pepper, if using, off the heat. Adjust the seasoning and serve on cocktail sticks.</li>
</ol>
<h3>1.5 Recipe note: snail pepper soup</h3>
<p>West Africa's other great snail dish is <strong>pepper soup</strong> — a fiery, aromatic broth flavoured with a spice blend that may include alligator pepper, <em>uziza</em> seeds (<em>Piper guineense</em>), <em>uda</em> (<em>Xylopia aethiopica</em>, grains of Selim) and <em>ehuru</em> (<em>Monodora myristica</em>, calabash nutmeg), often finished with scent leaf (<em>Ocimum gratissimum</em>) or <em>uziza</em> leaves. Snails are simmered in the broth until tender, and the soup is served hot and thin, prized as warming and restorative — a striking parallel with Morocco's babbouche.</p>
<hr>
<h2>2. The Mediterranean: Broths, Embers and Festivals</h2>
<h3>2.1 Morocco: babbouche</h3>
<p>In Morocco, snails (<em>babbouche</em> or <em>ghlal</em>) are winter street food, sold from carts and stalls in medinas and markets — most famously in Marrakech's Jemaa el-Fnaa, where snail vendors are part of the square's evening rhythm. The snails are small, typically white or banded land snails, and the dish is as much about the broth as the meat.</p>
<p>The broth is a deep, complex infusion of a dozen or more aromatics. Blends vary from vendor to vendor and are often closely guarded, but commonly include:</p>
<ul>
<li>Wild thyme or Moroccan <em>zaatar</em> (<em>Thymus</em> and <em>Origanum</em> species)</li>
<li>Liquorice root</li>
<li>Aniseed and caraway</li>
<li>Dried bitter-orange peel</li>
<li>Mint, and sometimes sage or wormwood</li>
<li>Black pepper and dried chilli</li>
<li>Gum arabic</li>
</ul>
<p>The broth is drunk from the bowl, and it is widely regarded locally as a digestive, a remedy for colds and a warming tonic in the cold months.</p>
<h3>2.2 Recipe: Moroccan babbouche broth</h3>
<p><em>Serves 4–6</em></p>
<p><strong>Ingredients</strong></p>
<ul>
<li>1 kg small live land snails (farmed <em>Cornu aspersum</em> petit-gris work well), purged</li>
<li>2.5 litres water</li>
<li>1 tbsp dried wild thyme or Moroccan <em>zaatar</em></li>
<li>1 small piece liquorice root (about 5 cm)</li>
<li>1 tsp aniseed</li>
<li>1 tsp caraway seeds</li>
<li>2 strips dried bitter-orange peel</li>
<li>1 small bunch fresh mint</li>
<li>2–3 sage leaves (optional)</li>
<li>1 tsp black peppercorns</li>
<li>1–2 small dried chillies</li>
<li>1 small piece gum arabic (optional)</li>
<li>Salt, to taste</li>
</ul>
<p><strong>Method</strong></p>
<ol>
<li><strong>Prepare the snails.</strong> Purge, chill to dormancy and dispatch humanely in boiling water as described in our kitchen-prep guide. Drain, then rub the snails, still in their shells, with salt and rinse repeatedly until the water runs clear.</li>
<li><strong>Make the spice sachet.</strong> Tie the dry spices, liquorice, orange peel and gum arabic in muslin. This keeps the broth drinkable and free of grit.</li>
<li><strong>Infuse.</strong> Bring the water to a simmer with the sachet and chillies. Add the snails and simmer gently for 1–1½ hours, until tender.</li>
<li><strong>Finish.</strong> Add the fresh mint and sage for the final 10 minutes. Season with salt.</li>
<li><strong>Serve.</strong> Ladle snails and broth into small bowls. Provide a pin or toothpick for the snails, and invite guests to drink the broth.</li>
</ol>
<p><strong>Technique note:</strong> babbouche is an <em>infusion</em>, not a reduction. The broth should remain light enough to drink; heavy reduction makes the liquorice, wormwood and orange peel turn bitter.</p>
<h3>2.3 Spain: caragols a la llauna and caracoles en caldo</h3>
<p>In Catalonia, and above all in Lleida, <strong>caragols a la llauna</strong> are snails roasted mouth-up on a flat metal tray (<em>llauna</em>) over embers, seasoned simply with salt and pepper and served with garlic-rich <em>allioli</em>. Lleida's annual snail festival, the <em>Aplec del Caragol</em>, draws vast crowds and is one of the largest gastronomic gatherings in Spain.</p>
<p>Further south, in Seville and across western Andalusia, small <strong>caracoles en caldo</strong> are a spring and early-summer ritual of bars and kiosks. They are simmered in a broth that typically includes cumin, paprika, chilli, pennyroyal (<em>poleo</em>) and fennel — a close cousin, in spirit, of the Moroccan broth across the strait.</p>
<h3>2.4 Italy, Greece and France</h3>
<ul>
<li><strong>Sicily:</strong> in Palermo, small snails called <strong><em>babbaluci</em></strong> are cooked with garlic, olive oil and parsley, closely associated with the July festival of the city's patron saint, Santa Rosalia. The name is often traced to Arabic — a reminder of the island's Arab-Norman history and, perhaps, of a shared heritage with <em>babbouche</em>.</li>
<li><strong>Sardinia:</strong> snails (<em>sizzigorrus</em> in Cagliari) are stewed in tomato sauce with garlic and herbs.</li>
<li><strong>Crete:</strong> <strong><em>chochlioi boubouristi</em></strong> are snails fried face-down in a pan of salt and olive oil, then deglazed with vinegar and rosemary — a dish of sharp, aromatic intensity.</li>
<li><strong>France:</strong> <em>escargots à la bourguignonne</em> — snails cooked gently in court-bouillon and returned to the shell with garlic and parsley butter — remains the reference dish for European fine dining.</li>
</ul>
<hr>
<h2>3. Spice Pairings: Alligator Pepper vs Wild Thyme</h2>
<p>Alligator pepper and wild thyme are emblematic aromatics of the two regions. Understanding how they behave helps cooks use each with authority.</p>
<table>
<thead><tr><th></th><th>Alligator pepper</th><th>Wild thyme</th></tr></thead>
<tbody>
<tr><td>Botanical source</td><td><em>Aframomum melegueta</em> (ginger family, Zingiberaceae); the name is also applied to pods of related <em>Aframomum</em> species</td><td><em>Thymus serpyllum</em> in northern Europe; various <em>Thymus</em> and <em>Origanum</em> species around the Mediterranean, including Moroccan <em>zaatar</em></td></tr>
<tr><td>Local names</td><td><em>Ataare</em> (Yoruba), <em>ose oji</em> (Igbo); the seeds are also traded as ""grains of paradise""</td><td><em>Zaatar</em> (Morocco), <em>serpolet</em> (France), <em>timo selvatico</em> (Italy)</td></tr>
<tr><td>Key aroma compounds</td><td>Pungent ketones and phenols (paradols, shogaols, gingerols)</td><td>Phenolic monoterpenes (thymol, carvacrol)</td></tr>
<tr><td>Flavour profile</td><td>Peppery heat with citrus, cardamom, camphor and floral notes</td><td>Resinous, herbal, warm, slightly bitter</td></tr>
<tr><td>Heat</td><td>Moderate pungency, sharp and quick</td><td>No heat; warming aromatic only</td></tr>
<tr><td>Behaviour in cooking</td><td>Volatile top notes fade with long cooking; heat persists</td><td>Tolerates long simmering; flavour deepens and rounds</td></tr>
<tr><td>Best moment to add</td><td>Freshly crushed at the end, or in a brief final simmer</td><td>At the start of an infusion or with the aromatic base</td></tr>
<tr><td>Classic pairing with snails</td><td>Peppered snail, snail pepper soup</td><td>Babbouche, court-bouillon, Cretan and Provençal preparations</td></tr>
</tbody>
</table>
<p><strong>The bridge between them:</strong> dried thyme is a staple of modern Nigerian cooking, used with curry powder to season stocks for meat and snails. A peppered snail parboil and a babbouche broth therefore share a herbal foundation — the difference is in what comes next.</p>
<p><strong>For contemporary chefs:</strong> a few freshly crushed alligator pepper seeds in a thyme-scented snail broth, or a pinch of wild thyme in the parboil for peppered snails, can create a respectful conversation between the two traditions. Build such dishes on a thorough understanding of each original rather than as a novelty, and credit the traditions you draw on.</p>
<hr>
<h2>4. Traditional Reduction Techniques Compared</h2>
<table>
<thead><tr><th>Technique</th><th>Region</th><th>What happens</th><th>Signal of readiness</th></tr></thead>
<tbody>
<tr><td>Frying the pepper</td><td>Nigeria and wider West Africa</td><td>A blended pepper and onion base is reduced, then fried in oil until its water evaporates and its sugars caramelise</td><td>The oil separates and rises; the colour deepens to brick red; the raw smell disappears</td></tr>
<tr><td>Pepper soup broth</td><td>Nigeria, Ghana, Cameroon</td><td>Spices and snails are simmered in a large volume of water; only light reduction</td><td>The broth is aromatic and pungent but still thin</td></tr>
<tr><td>Spiced infusion</td><td>Morocco (babbouche); Andalusia (caracoles en caldo)</td><td>A long, gentle infusion of herbs, roots and seeds; no deliberate reduction</td><td>The snails are tender and the broth is fragrant and drinkable</td></tr>
<tr><td>Court-bouillon and beurre composé</td><td>France</td><td>Snails are poached gently, then finished with garlic and herb butter in the shell or dish</td><td>The butter foams and the snails are heated through</td></tr>
<tr><td>Pan deglazing</td><td>Crete</td><td>Snails are seared in salt and oil, then deglazed with vinegar and rosemary, which reduces almost instantly</td><td>The vinegar has evaporated to a glaze</td></tr>
<tr><td>Tomato stew</td><td>Sardinia and southern Italy</td><td>Snails are simmered in tomato sauce, which reduces slowly</td><td>The sauce coats the back of a spoon</td></tr>
</tbody>
</table>
<hr>
<h2>5. Sourcing with Respect</h2>
<ul>
<li><strong>West Africa:</strong> wild giant African land snail populations are under pressure from over-harvesting and deforestation. Choosing farmed snails supports both conservation and the growing number of smallholder snail farmers.</li>
<li><strong>Europe:</strong> some species, including the Roman or Burgundy snail (<em>Helix pomatia</em>), are protected or subject to collection limits in many countries. Buy from registered farms rather than foraging.</li>
<li><strong>Diaspora kitchens:</strong> in the UK and Europe, giant African land snails are sold frozen and pre-cleaned in specialist African and Caribbean grocers. Buy from reputable suppliers, keep the cold chain intact and cook the meat thoroughly.</li>
<li><strong>Allergens:</strong> snails are molluscs and must be declared as an allergen on any commercial menu.</li>
</ul>
<hr>
<h2>Frequently Asked Questions</h2>
<h3>What is Nigerian peppered snail?</h3>
<p>Nigerian peppered snail is a party and street-food dish of giant African land snails that are parboiled with onion, Scotch bonnet, thyme and curry powder, then tossed in a reduced, fried sauce of red bell peppers, Scotch bonnets and onions until the sauce clings to every piece.</p>
<h3>What is babbouche?</h3>
<p>Babbouche is a Moroccan street-food dish of small snails simmered in a complex, aromatic broth flavoured with herbs and spices such as wild thyme, liquorice root, aniseed, caraway, bitter-orange peel, mint and pepper. The broth is drunk from the bowl, and it is popular in the winter months.</p>
<h3>What does alligator pepper taste like?</h3>
<p>Alligator pepper, the seeds of <em>Aframomum melegueta</em>, has a sharp peppery heat with citrus, cardamom, camphor and floral notes. Its aromatic top notes fade with long cooking, so it is best crushed fresh and added near the end.</p>
<h3>How do West African cooks clean snails?</h3>
<p>West African cooks typically remove the shell and viscera, then scrub the meat with alum, lime or lemon juice, and sometimes garri or flour as an abrasive, rinsing repeatedly until the mucus has gone and the meat is no longer slippery.</p>
<h3>What does ""frying the pepper"" mean in Nigerian cooking?</h3>
<p>Frying the pepper means cooking a blended pepper and onion base in oil until its water has evaporated, its colour deepens to brick red, its raw smell disappears and the oil separates and rises to the surface. It is the key reduction step in peppered snail and many Nigerian stews.</p>
<h3>Which snails are eaten in Spain?</h3>
<p>Spain has several snail traditions. In Catalonia, especially Lleida, snails are roasted on a metal tray as caragols a la llauna and served with allioli, while in Seville and western Andalusia small snails are simmered in a cumin- and herb-spiced broth as caracoles en caldo.</p>","<script type=""application/ld+json"">
{
  ""@context"": ""https://schema.org"",
  ""@type"": ""Article"",
  ""@id"": ""https://snailworld.org/articles/regional-gastropod-culinary-heritage/#article"",
  ""headline"": ""From Peppered Snails to Babbouche Broth: Regional Heritage and Gastropod Cookery"",
  ""description"": ""West African peppered snails and Moroccan babbouche broth: street food culture, alligator pepper vs wild thyme and traditional reduction techniques."",
  ""image"": [
    ""https://snailworld.org/images/articles/regional-gastropod-culinary-heritage.jpg""
  ],
  ""datePublished"": ""2026-10-02"",
  ""dateModified"": ""2026-10-02"",
  ""inLanguage"": ""en-GB"",
  ""mainEntityOfPage"": {
    ""@type"": ""WebPage"",
    ""@id"": ""https://snailworld.org/articles/regional-gastropod-culinary-heritage/""
  },
  ""articleSection"": ""Global Gastronomy & Recipes"",
  ""keywords"": ""peppered snail, babbouche, alligator pepper, wild thyme, West African snail recipes, Moroccan snail soup, caragols a la llauna, Mediterranean snail dishes"",
  ""about"": [
    {
      ""@type"": ""Thing"",
      ""name"": ""Peppered snail""
    },
    {
      ""@type"": ""Thing"",
      ""name"": ""Babbouche""
    },
    {
      ""@type"": ""Thing"",
      ""name"": ""Aframomum melegueta""
    }
  ],
  ""audience"": {
    ""@type"": ""Audience"",
    ""geographicArea"": {
      ""@type"": ""Place"",
      ""name"": ""West Africa; Europe & Mediterranean""
    }
  },
  ""wordCount"": 2718,
  ""author"": {
    ""@type"": ""Person"",
    ""@id"": ""https://snailworld.org/authors/batuli-kassim/#person"",
    ""name"": ""Batuli Kassim"",
    ""jobTitle"": ""Culinary Ethnographer"",
    ""url"": ""https://snailworld.org/authors/batuli-kassim/"",
    ""worksFor"": {
      ""@id"": ""https://snailworld.org/#organization""
    }
  },
  ""publisher"": {
    ""@type"": ""Organization"",
    ""@id"": ""https://snailworld.org/#organization"",
    ""name"": ""Snail World"",
    ""url"": ""https://snailworld.org/"",
    ""logo"": {
      ""@type"": ""ImageObject"",
      ""url"": ""https://snailworld.org/images/logo.png""
    }
  }
}
</script>
<script type=""application/ld+json"">
{
  ""@context"": ""https://schema.org"",
  ""@type"": ""FAQPage"",
  ""@id"": ""https://snailworld.org/articles/regional-gastropod-culinary-heritage/#faq"",
  ""mainEntity"": [
    {
      ""@type"": ""Question"",
      ""name"": ""What is Nigerian peppered snail?"",
      ""acceptedAnswer"": {
        ""@type"": ""Answer"",
        ""text"": ""Nigerian peppered snail is a party and street-food dish of giant African land snails that are parboiled with onion, Scotch bonnet, thyme and curry powder, then tossed in a reduced, fried sauce of red bell peppers, Scotch bonnets and onions until the sauce clings to every piece.""
      }
    },
    {
      ""@type"": ""Question"",
      ""name"": ""What is babbouche?"",
      ""acceptedAnswer"": {
        ""@type"": ""Answer"",
        ""text"": ""Babbouche is a Moroccan street-food dish of small snails simmered in a complex, aromatic broth flavoured with herbs and spices such as wild thyme, liquorice root, aniseed, caraway, bitter-orange peel, mint and pepper. The broth is drunk from the bowl, and it is popular in the winter months.""
      }
    },
    {
      ""@type"": ""Question"",
      ""name"": ""What does alligator pepper taste like?"",
      ""acceptedAnswer"": {
        ""@type"": ""Answer"",
        ""text"": ""Alligator pepper, the seeds of Aframomum melegueta, has a sharp peppery heat with citrus, cardamom, camphor and floral notes. Its aromatic top notes fade with long cooking, so it is best crushed fresh and added near the end.""
      }
    },
    {
      ""@type"": ""Question"",
      ""name"": ""How do West African cooks clean snails?"",
      ""acceptedAnswer"": {
        ""@type"": ""Answer"",
        ""text"": ""West African cooks typically remove the shell and viscera, then scrub the meat with alum, lime or lemon juice, and sometimes garri or flour as an abrasive, rinsing repeatedly until the mucus has gone and the meat is no longer slippery.""
      }
    },
    {
      ""@type"": ""Question"",
      ""name"": ""What does \""frying the pepper\"" mean in Nigerian cooking?"",
      ""acceptedAnswer"": {
        ""@type"": ""Answer"",
        ""text"": ""Frying the pepper means cooking a blended pepper and onion base in oil until its water has evaporated, its colour deepens to brick red, its raw smell disappears and the oil separates and rises to the surface. It is the key reduction step in peppered snail and many Nigerian stews.""
      }
    },
    {
      ""@type"": ""Question"",
      ""name"": ""Which snails are eaten in Spain?"",
      ""acceptedAnswer"": {
        ""@type"": ""Answer"",
        ""text"": ""Spain has several snail traditions. In Catalonia, especially Lleida, snails are roasted on a metal tray as caragols a la llauna and served with allioli, while in Seville and western Andalusia small snails are simmered in a cumin- and herb-spiced broth as caracoles en caldo.""
      }
    }
  ]
}
</script>","content/articles/regional-gastropod-culinary-heritage.md"
