"Parent Category","Child Category","Sub-Child Category","Category Level","Sort Order","Category URL Slug","Meta Title","Meta Description"
"Commercial Producers and Aspiring Farmers","","","1","1","commercial-producers-and-aspiring-farmers","Snail Farming for Commercial Producers & New Farmers","Technical, regulatory and business guidance for commercial snail farmers and aspiring heliculture entrepreneurs in the UK and beyond."
"Commercial Producers and Aspiring Farmers","Farm Operations and Business","","2","1","farm-operations-and-business","Snail Farm Operations and Business Guides","Run a profitable snail farm: pen design, feeding programmes, biosecurity, regulatory compliance and enterprise economics."
"Commercial Producers and Aspiring Farmers","Farm Operations and Business","System Design and Pens","3","1","system-design-and-pens","Snail Farm System Design & Pen Layouts","Intensive and outdoor snail pen design, climate control, escape prevention and housing for Cornu aspersum and Achatina."
"Commercial Producers and Aspiring Farmers","Farm Operations and Business","Feeding and Nutrition","3","2","feeding-and-nutrition","Snail Feeding Formulae & Nutrition Guides","Commercial snail feed formulae, protein and calcium targets, fresh forage and feeding practice for faster, healthier growth."
"Commercial Producers and Aspiring Farmers","Farm Operations and Business","Biosecurity and Regulations","3","3","biosecurity-and-regulations","Snail Farm Biosecurity and Regulations","Biosecurity programmes, food hygiene law, non-native species rules and compliance checklists for commercial snail farms."
"Commercial Producers and Aspiring Farmers","Farm Operations and Business","Economics and Yields","3","4","economics-and-yields","Snail Farming Economics, Costs & Yields","Realistic snail farm start-up costs, production cycles, yields, market prices and routes to market for heliculture businesses."
"Commercial Producers and Aspiring Farmers","Snail Science and Kitchen Prep","","2","2","snail-science-and-kitchen-prep","Snail Science and Kitchen Preparation Guides","The science of preparing snails: purging, humane dispatch, cleaning chemistry, meat texture and secondary yields."
"Commercial Producers and Aspiring Farmers","Snail Science and Kitchen Prep","Purging and Cleaning","3","1","purging-and-cleaning","How to Purge & Clean Snails for Cooking","Purging timelines for farmed and wild snails, mucin removal with salt, acid and alum, and professional cleaning methods."
"Commercial Producers and Aspiring Farmers","Snail Science and Kitchen Prep","Dispatching and Safety","3","2","dispatching-and-safety","Humane Snail Dispatch & Food Safety","Humane dispatch methods, food hygiene, allergen controls and safe handling of farmed snails, including Achatina species."
"Commercial Producers and Aspiring Farmers","Snail Science and Kitchen Prep","Meat Science and Texture","3","3","meat-science-and-texture","Snail Meat Science and Texture Control","Control snail meat texture with court-bouillon, sous vide and enzymatic tenderising. Cooking times by species and size."
"Commercial Producers and Aspiring Farmers","Snail Science and Kitchen Prep","Mucin and Byproducts","3","4","mucin-and-byproducts","Snail Mucin, Caviar & Byproduct Guides","Snail caviar production, cosmetic mucin collection, shell processing and the regulations behind secondary yields."
"Culinary Professionals and Food Enthusiasts","","","1","2","culinary-professionals-and-food-enthusiasts","Snail Cookery for Chefs & Food Enthusiasts","Escargot technique, heritage recipes and global snail traditions for chefs, home cooks and culinary explorers."
"Culinary Professionals and Food Enthusiasts","Global Gastronomy and Recipes","","2","1","global-gastronomy-and-recipes","Global Snail Recipes & Culinary Traditions","Regional snail recipes, history, flavour profiles and pairing guides from West Africa, Europe, Asia and the Americas."
"Culinary Professionals and Food Enthusiasts","Global Gastronomy and Recipes","West Africa","3","1","west-africa","West African Snail Recipes & Traditions","Peppered snail, snail pepper soup and Ghanaian snail kebabs: giant African land snail cookery, spices and street food."
"Culinary Professionals and Food Enthusiasts","Global Gastronomy and Recipes","Europe and Mediterranean","3","2","europe-and-mediterranean","European & Mediterranean Snail Recipes","Escargots a la bourguignonne, caragols a la llauna, Moroccan babbouche and Italian snail stews: Mediterranean classics."
"Culinary Professionals and Food Enthusiasts","Global Gastronomy and Recipes","Asia and Southeast Asia","3","3","asia-and-southeast-asia","Asian & Southeast Asian Snail Recipes","Vietnamese bun oc, coconut snail stir-fries, luosifen and Sichuan snail dishes from Asia's night markets and kitchens."
"Culinary Professionals and Food Enthusiasts","Global Gastronomy and Recipes","Americas and USA","3","4","americas-and-usa","Snail Cuisine in the Americas and USA","Fine-dining escargot, fusion snail dishes, regional history and US import rules for chefs across the Americas."
